frame,source_frame_detected,throwing_knee_angle,lead_knee_angle,shoulder_line_angle,throwing_elbow_angle,hip_line_angle,lateral_foot_separation,throwing_knee_angle_raw_observed,throwing_knee_angle_coordinate_imputed,throwing_knee_angle_interpolated,throwing_knee_angle_imputed,throwing_knee_angle_smoothed,lead_knee_angle_raw_observed,lead_knee_angle_coordinate_imputed,lead_knee_angle_interpolated,lead_knee_angle_imputed,lead_knee_angle_smoothed,shoulder_line_angle_raw_observed,shoulder_line_angle_coordinate_imputed,shoulder_line_angle_interpolated,shoulder_line_angle_imputed,shoulder_line_angle_smoothed,throwing_elbow_angle_raw_observed,throwing_elbow_angle_coordinate_imputed,throwing_elbow_angle_interpolated,throwing_elbow_angle_imputed,throwing_elbow_angle_smoothed,hip_line_angle_raw_observed,hip_line_angle_coordinate_imputed,hip_line_angle_interpolated,hip_line_angle_imputed,hip_line_angle_smoothed,lateral_foot_separation_raw_observed,lateral_foot_separation_coordinate_imputed,lateral_foot_separation_interpolated,lateral_foot_separation_imputed,lateral_foot_separation_smoothed
2604,True,166.5140642608817,87.97738333920799,-5.876233174609524,114.4805547172192,-29.41237281652559,0.1693421056016378,True,False,166.5140642608817,False,167.01249035431812,True,False,87.97738333920799,False,83.29332815668879,True,False,-5.876233174609524,False,-4.980850759465653,True,False,114.4805547172192,False,105.79743341366101,True,False,-29.41237281652559,False,-31.597134819674693,True,False,0.1693421056016378,False,0.17257092871652213
2605,True,167.01249035431812,83.29332815668879,-3.4159827780833325,105.79743341366101,-30.107708126365424,0.17257092871652213,True,False,167.01249035431812,False,166.7632773075999,True,False,83.29332815668879,False,80.30745353099273,True,False,-3.4159827780833325,False,-5.354688297467348,True,False,105.79743341366101,False,104.33249042588446,True,False,-30.107708126365424,False,-32.98561536841356,True,False,0.17257092871652213,False,0.17128454436486323
2606,True,167.64305955809513,77.32157890529668,-5.649764782374746,102.86754743810792,-35.27866031222254,0.17390452819186605,True,False,167.64305955809513,False,166.91063533275693,True,False,77.32157890529668,False,77.32157890529668,True,False,-5.649764782374746,False,-5.667373874208849,True,False,102.86754743810792,False,103.93355227764515,True,False,-35.27866031222254,False,-34.23354387603472,True,False,0.17390452819186605,False,0.16999816001320434
2607,True,166.2869822643132,69.24930012657167,-6.475613029760609,102.28144185782041,-37.14668767888011,0.16999816001320434,True,False,166.2869822643132,False,166.97396803985762,True,False,69.24930012657167,False,69.24930012657167,True,False,-6.475613029760609,False,-5.35987260506937,True,False,102.28144185782041,False,103.93355227764515,True,False,-37.14668767888011,False,-35.811953920957535,True,False,0.16999816001320434,False,0.16999816001320434
2608,True,166.91063533275693,59.64203464337548,-6.917464592605597,103.93355227764515,-39.21564239220831,0.1551496467260531,True,False,166.91063533275693,False,166.97396803985762,True,False,59.64203464337548,False,59.64203464337548,True,False,-6.917464592605597,False,-5.5516937253337915,True,False,103.93355227764515,False,103.3597020863668,True,False,-39.21564239220831,False,-37.248402458905396,True,False,0.1551496467260531,False,0.1551496467260531
2609,True,166.97396803985762,48.54947802830742,-4.3398852947619275,105.24995799241367,-37.28255293202602,0.1338599937449958,True,False,166.97396803985762,False,166.93499821810335,True,False,48.54947802830742,False,48.54947802830742,True,False,-4.3398852947619275,False,-5.132984012401607,True,False,105.24995799241367,False,103.3597020863668,True,False,-37.28255293202602,False,-37.276791581403806,True,False,0.1338599937449958,False,0.1338599937449958
2610,True,167.98008016316678,41.53463782974935,-4.375727005538522,103.3597020863668,-37.318462938610224,0.11801103968441659,True,False,167.98008016316678,False,166.97396803985762,True,False,41.53463782974935,False,41.53463782974935,True,False,-4.375727005538522,False,-4.421563524021806,True,False,103.3597020863668,False,103.3597020863668,True,False,-37.318462938610224,False,-36.75871185490435,True,False,0.11801103968441659,False,0.11801103968441659
2611,True,166.93499821810335,36.43397922070792,-3.5568909098033146,100.23702896116113,-35.4207932220514,0.10210546499026954,True,False,166.93499821810335,False,166.97396803985762,True,False,36.43397922070792,False,40.77378734950218,True,False,-3.5568909098033146,False,-3.491917442517405,True,False,100.23702896116113,False,100.23702896116113,True,False,-35.4207932220514,False,-35.06701260194234,True,False,0.10210546499026954,False,0.10210546499026954
2612,True,167.2087824950292,35.08778336280423,-2.9201875423863157,91.58037867311722,-34.55652891885987,0.09700711591099459,True,False,167.2087824950292,False,166.93499821810335,True,False,35.08778336280423,False,40.77378734950218,True,False,-2.9201875423863157,False,-3.289442793407744,True,False,91.58037867311722,False,91.58037867311722,True,False,-34.55652891885987,False,-33.05284298856646,True,False,0.09700711591099459,False,0.09700711591099459
2613,True,166.8236969216947,40.77378734950218,-2.266749141131527,80.03658841706529,-30.744853389994233,0.09226330900054841,True,False,166.8236969216947,False,166.89584222924765,True,False,40.77378734950218,False,40.77378734950218,True,False,-2.266749141131527,False,-2.8864282413305204,True,False,80.03658841706529,False,80.03658841706529,True,False,-30.744853389994233,False,-30.16356624623966,True,False,0.09226330900054841,False,0.09684673990914733
2614,True,166.89584222924765,51.30130094719107,-3.3276961267689558,75.24950038402073,-27.19957095657685,0.09491057148584373,True,False,166.89584222924765,False,166.8236969216947,True,False,51.30130094719107,False,51.30130094719107,True,False,-3.3276961267689558,False,-2.528468783730901,True,False,75.24950038402073,False,75.24950038402073,True,False,-27.19957095657685,False,-26.94884148698508,True,False,0.09491057148584373,False,0.09684673990914733
2615,True,166.77915134766826,61.8094167130463,-2.3606183017650437,69.14341157674502,-22.858587573609412,0.09684673990914733,True,False,166.77915134766826,False,166.77915134766826,True,False,61.8094167130463,False,61.8094167130463,True,False,-2.3606183017650437,False,-2.3316094478329035,True,False,69.14341157674502,False,74.9777462643176,True,False,-22.858587573609412,False,-23.426225728037622,True,False,0.09684673990914733,False,0.09684673990914733
2616,True,166.182386289362,75.34986708582689,-1.7671144622429438,74.9777462643176,-19.383356918060628,0.09978509086696835,True,False,166.182386289362,False,166.182386289362,True,False,75.34986708582689,False,75.34986708582689,True,False,-1.7671144622429438,False,-2.538692045371704,True,False,74.9777462643176,False,73.79324008317609,True,False,-19.383356918060628,False,-20.557643397079488,True,False,0.09978509086696835,False,0.09978509086696835
2617,True,165.11693982887553,89.02409047715923,-1.9360207477322433,70.80899110835246,-16.96697641875832,0.10285996909787398,True,False,165.11693982887553,False,165.11693982887553,True,False,89.02409047715923,False,89.02409047715923,True,False,-1.9360207477322433,False,-2.9548108712475027,True,False,70.80899110835246,False,73.79324008317609,True,False,-16.96697641875832,False,-18.026607853826278,True,False,0.10285996909787398,False,0.10285996909787398
2618,True,164.0393999651307,104.43371456710013,-3.302061787505579,73.79324008317609,-16.41742242520496,0.10395433098850745,True,False,164.0393999651307,False,164.0393999651307,True,False,104.43371456710013,False,104.43371456710013,True,False,-3.302061787505579,False,-3.6414142008367776,True,False,73.79324008317609,False,74.9777462643176,True,False,-16.41742242520496,False,-16.062090381433592,True,False,0.10395433098850745,False,0.10395433098850745
2619,True,163.3532691885637,115.67023823370141,-5.4106568415276115,83.41499264294666,-14.520245532282587,0.11072964764465859,True,False,163.3532691885637,False,163.3532691885637,True,False,115.67023823370141,False,115.67023823370141,True,False,-5.4106568415276115,False,-4.545330831386167,True,False,83.41499264294666,False,83.41499264294666,True,False,-14.520245532282587,False,-14.689370475260617,True,False,0.11072964764465859,False,0.11072964764465859
2620,True,162.17071596360984,126.19281577174378,-5.792009124025697,85.29700096440565,-13.023607324076579,0.1212162820337829,True,False,162.17071596360984,False,162.17071596360984,True,False,126.19281577174378,False,126.19281577174378,True,False,-5.792009124025697,False,-5.662403995462,True,False,85.29700096440565,False,83.52343154387933,True,False,-13.023607324076579,False,-13.59558787575881,True,False,0.1212162820337829,False,0.1212162820337829
2621,True,159.9544453729424,137.3219320112377,-6.283500417129289,83.52343154387933,-12.519032076686244,0.1308500698045626,True,False,159.9544453729424,False,159.9544453729424,True,False,137.3219320112377,False,137.3219320112377,True,False,-6.283500417129289,False,-6.656123814880729,True,False,83.52343154387933,False,85.29700096440565,True,False,-12.519032076686244,False,-12.412502488001039,True,False,0.1308500698045626,False,0.1308500698045626
2622,True,156.9457421458906,147.51046970846997,-7.522474749656567,91.33668899125372,-11.500194204652757,0.14009386386926306,True,False,156.9457421458906,False,156.9457421458906,True,False,147.51046970846997,False,147.51046970846997,True,False,-7.522474749656567,False,-6.672221473842768,True,False,91.33668899125372,False,91.33668899125372,True,False,-11.500194204652757,False,-11.310631666223898,True,False,0.14009386386926306,False,0.14009386386926306
2623,True,153.81081329886263,156.40086918038656,-8.272433524061967,95.22494246765264,-10.499806064611448,0.14803348082286824,True,False,153.81081329886263,False,153.81081329886263,True,False,156.40086918038656,False,156.40086918038656,True,False,-8.272433524061967,False,-6.481911075961506,True,False,95.22494246765264,False,95.22494246765264,True,False,-10.499806064611448,False,-10.468198571981674,True,False,0.14803348082286824,False,0.14803348082286824
2624,True,149.20839945239507,163.46749192811066,-5.491161435683125,109.1059434455777,-9.009316368692453,0.15532232224082398,True,False,149.20839945239507,False,149.20839945239507,True,False,163.46749192811066,False,163.46749192811066,True,False,-5.491161435683125,False,-6.010534017949098,True,False,109.1059434455777,False,109.1059434455777,True,False,-9.009316368692453,False,-9.13665067862334,True,False,0.15532232224082398,False,0.15532232224082398
2625,True,143.78646590108565,172.09652451771163,-4.840282200370552,117.48560145419576,-8.813067458051819,0.16300086260529006,True,False,143.78646590108565,False,143.78646590108565,True,False,172.09652451771163,False,172.09652451771163,True,False,-4.840282200370552,False,-5.359946251067754,True,False,117.48560145419576,False,117.48560145419576,True,False,-8.813067458051819,False,-7.666812654714761,True,False,0.16300086260529006,False,0.16300086260529006
2626,True,138.88091204819952,179.66931890000805,-3.9271795814414077,118.85459176863529,-5.856896952316333,0.17254319452071396,True,False,138.88091204819952,False,138.88091204819952,True,False,179.66931890000805,False,179.48901630212237,True,False,-3.9271795814414077,False,-4.562345791003665,True,False,118.85459176863529,False,118.85459176863529,True,False,-5.856896952316333,False,-6.330662538627081,True,False,0.17254319452071396,False,0.17254319452071396
2627,True,136.9244478181984,179.48901630212237,-4.272802881568168,124.18500972216097,-4.150361261798707,0.18079088881654765,True,False,136.9244478181984,False,136.9244478181984,True,False,179.48901630212237,False,179.48901630212237,True,False,-4.272802881568168,False,-5.188803830092752,True,False,124.18500972216097,False,124.18500972216097,True,False,-4.150361261798707,False,-6.539716582298624,True,False,0.18079088881654765,False,0.18079088881654765
2628,True,131.11032766654316,179.62655673295322,-4.280408413753548,128.83110098791195,-3.825359575843322,0.18901987927791367,True,False,131.11032766654316,False,131.11032766654316,True,False,179.62655673295322,False,179.48901630212237,True,False,-4.280408413753548,False,-6.198666855447982,True,False,128.83110098791195,False,128.83110098791195,True,False,-3.825359575843322,False,-7.016702917502016,True,False,0.18901987927791367,False,0.18901987927791367
2629,True,125.52763444412672,178.4875830107754,-8.630897370824357,135.51223337296372,-10.05722116258562,0.19514187474759237,True,False,125.52763444412672,False,125.52763444412672,True,False,178.4875830107754,False,178.4875830107754,True,False,-8.630897370824357,False,-7.033711918933676,True,False,135.51223337296372,False,135.51223337296372,True,False,-10.05722116258562,False,-7.560182926388563,True,False,0.19514187474759237,False,0.18901987927791367
2630,True,122.2828450356863,176.92521993881422,-9.88990940930421,147.75287262900315,-11.20256572970527,0.19944247045159683,True,False,122.2828450356863,False,125.52763444412672,True,False,176.92521993881422,False,176.92521993881422,True,False,-9.88990940930421,False,-7.632277026104063,True,False,147.75287262900315,False,147.75287262900315,True,False,-11.20256572970527,False,-7.689277213229147,True,False,0.19944247045159683,False,0.18901987927791367
2631,True,111.23557341916144,175.2462324900441,-8.09183030734016,154.23629372064485,-8.559959773056278,0.18729794746860648,True,False,111.23557341916144,False,122.2828450356863,True,False,175.2462324900441,False,175.2462324900441,True,False,-8.09183030734016,False,-8.433978762724294,True,False,154.23629372064485,False,154.23629372064485,True,False,-8.559959773056278,False,-8.21013270997517,True,False,0.18729794746860648,False,0.18729794746860648
2632,True,164.08473475838767,115.40612163956958,-7.263245087904863,158.70828975454288,-4.796290210147447,0.16712519208704704,True,False,164.08473475838767,False,115.94735231269344,True,False,115.40612163956958,False,160.65443983694138,True,False,-7.263245087904863,False,-8.80023968574939,True,False,158.70828975454288,False,154.23629372064485,True,False,-4.796290210147447,False,-7.169979690918439,True,False,0.16712519208704704,False,0.16712519208704704
2633,True,115.94735231269344,160.65443983694138,-8.294305320079275,158.85945559378828,-6.432138451467438,0.08133140008799966,True,False,115.94735231269344,False,111.23557341916144,True,False,160.65443983694138,False,146.29279547400122,True,False,-8.294305320079275,False,-8.201417724408003,True,False,158.85945559378828,False,154.23629372064485,True,False,-6.432138451467438,False,-6.103895997284397,True,False,0.08133140008799966,False,0.123683446422434
2634,True,107.50026576192873,146.29279547400122,-10.462267481302433,145.4844517830429,-4.867518986311268,0.11923434548831469,True,False,107.50026576192873,False,107.50026576192873,True,False,146.29279547400122,False,138.83525975447088,True,False,-10.462267481302433,False,-7.613346591264147,True,False,145.4844517830429,False,145.4844517830429,True,False,-4.867518986311268,False,-5.777504194675288,True,False,0.11923434548831469,False,0.11923434548831469
2635,True,95.24479179011092,138.83525975447088,-6.897168215014233,127.07312196808579,-5.865746856540852,0.123683446422434,True,False,95.24479179011092,False,95.24479179011092,True,False,138.83525975447088,False,138.83525975447088,True,False,-6.897168215014233,False,-6.8313276481948435,True,False,127.07312196808579,False,127.07312196808579,True,False,-5.865746856540852,False,-7.318249614829824,True,False,0.123683446422434,False,0.11727036248022957
2636,True,90.3059919245907,129.46800569984856,-5.151391782657811,96.35918444384748,-6.92584622246045,0.11727036248022957,True,False,90.3059919245907,False,95.24479179011092,True,False,129.46800569984856,False,132.02556856202008,True,False,-5.151391782657811,False,-4.13802088826543,True,False,96.35918444384748,False,96.35918444384748,True,False,-6.92584622246045,False,-0.7718720060841235,True,False,0.11727036248022957,False,0.11727036248022957
2637,True,94.08961277799449,132.02556856202008,-3.3523473182920043,31.98729940697591,-12.52484967834755,0.11389142635576321,True,False,94.08961277799449,False,95.24479179011092,True,False,132.02556856202008,False,132.02556856202008,True,False,-3.3523473182920043,False,-1.5698450828012085,True,False,31.98729940697591,False,90.56448515368209,True,False,-12.52484967834755,False,2.2967203385091324,True,False,0.11389142635576321,False,0.11389142635576321
2638,True,119.80262896494241,131.4285783571603,5.286532393726702,42.48439566780905,33.55228447481785,0.09560813340398694,True,False,119.80262896494241,False,119.80262896494241,True,False,131.4285783571603,False,132.02556856202008,True,False,5.286532393726702,False,-3.074980371346257,True,False,42.48439566780905,False,86.4896461016403,True,False,33.55228447481785,False,4.6112456955832215,True,False,0.09560813340398694,False,0.09560813340398694
2639,True,144.16931280526182,145.39107406211437,2.301062952565559,90.56448515368209,8.21078691930984,0.07932028234520289,True,False,144.16931280526182,False,144.16931280526182,True,False,145.39107406211437,False,145.39107406211437,True,False,2.301062952565559,False,-5.336450554809886,True,False,90.56448515368209,False,43.341916719968495,True,False,8.21078691930984,False,6.578209175968183,True,False,0.07932028234520289,False,0.07932028234520289
2640,True,153.87177822076757,167.85545237069465,-14.62091135636399,86.4896461016403,4.117751371421562,0.0656601324548639,True,False,153.87177822076757,False,144.16931280526182,True,False,167.85545237069465,False,146.4311226727543,True,False,-14.62091135636399,False,-9.010723667312362,True,False,86.4896461016403,False,86.4896461016403,True,False,4.117751371421562,False,8.941397489151726,True,False,0.0656601324548639,False,0.0656601324548639
2641,True,158.3363621806346,153.39096701451246,-16.39753624624238,43.341916719968495,1.9408402294754694,0.013471128617652206,True,False,158.3363621806346,False,144.16931280526182,True,False,153.39096701451246,False,153.39096701451246,True,False,-16.39753624624238,False,-14.632541148288041,True,False,43.341916719968495,False,86.4896461016403,True,False,1.9408402294754694,False,1.6667031206565355,True,False,0.013471128617652206,False,0.013471128617652206
2642,True,135.3506507635751,146.4311226727543,-21.229431094709327,163.70117664905396,-0.4572093068352103,0.0029718731597108694,True,False,135.3506507635751,False,135.3506507635751,True,False,146.4311226727543,False,163.63750580147322,True,False,-21.229431094709327,False,-19.22614496640425,True,False,163.70117664905396,False,86.4896461016403,True,False,-0.4572093068352103,False,-2.3168072161740696,True,False,0.0029718731597108694,False,0.013471128617652206
2643,True,129.04447076011363,164.38695053942772,-22.401016568872166,78.49766398926504,-5.495210086140418,0.01280443606527809,True,False,129.04447076011363,False,135.3506507635751,True,False,164.38695053942772,False,163.63750580147322,True,False,-22.401016568872166,False,-20.651545360735497,True,False,78.49766398926504,False,115.6854477788089,True,False,-5.495210086140418,False,-6.596246273631749,True,False,0.01280443606527809,False,0.013471128617652206
2644,True,133.6487937878602,163.63750580147322,-21.467841184506682,149.67800845014673,-11.797929259122853,0.016667796143193747,True,False,133.6487937878602,False,133.6487937878602,True,False,163.63750580147322,False,164.38695053942772,True,False,-21.467841184506682,False,-20.855588274954968,True,False,149.67800845014673,False,121.91218371146881,True,False,-11.797929259122853,False,-10.78729661613184,True,False,0.016667796143193747,False,0.016667796143193747
2645,True,137.44293683852402,177.2048608283348,-21.747789694584924,115.6854477788089,-17.272747569170207,0.03170487516551612,True,False,137.44293683852402,False,129.04447076011363,True,False,177.2048608283348,False,171.69799009305225,True,False,-21.747789694584924,False,-19.605029827140612,True,False,115.6854477788089,False,121.91218371146881,True,False,-17.272747569170207,False,-14.216144852106197,True,False,0.03170487516551612,False,0.03170487516551612
2646,True,127.54442768663733,172.12250242932072,-17.424617708381405,121.91218371146881,-18.821289462140157,0.052444989124704855,True,False,127.54442768663733,False,127.54442768663733,True,False,172.12250242932072,False,171.69799009305225,True,False,-17.424617708381405,False,-17.543809022441735,True,False,121.91218371146881,False,135.99132779471873,True,False,-18.821289462140157,False,-17.339635459526804,True,False,0.052444989124704855,False,0.052444989124704855
2647,True,82.53941250505402,171.69799009305225,-14.969321734130233,135.99132779471873,-17.590001890742172,0.08978012040987482,True,False,82.53941250505402,False,90.8154939212009,True,False,171.69799009305225,False,171.69799009305225,True,False,-14.969321734130233,False,-15.010179413536406,True,False,135.99132779471873,False,128.95175575309378,True,False,-17.590001890742172,False,-20.17228556296105,True,False,0.08978012040987482,False,0.08978012040987482
2648,True,73.12083085292937,167.58342641688176,-12.100650473954104,150.23294237072494,-21.193993570134268,0.17296019892184122,True,False,73.12083085292937,False,90.8154939212009,True,False,167.58342641688176,False,167.58342641688176,True,False,-12.100650473954104,False,-13.433835840536375,True,False,150.23294237072494,False,135.99132779471873,True,False,-21.193993570134268,False,-22.34099462487589,True,False,0.17296019892184122,False,0.17296019892184122
2649,True,90.8154939212009,166.24268038151644,-8.820265607890065,,-26.015090418082707,0.23206769217675294,True,False,90.8154939212009,False,90.8154939212009,True,False,166.24268038151644,False,167.58342641688176,True,False,-8.820265607890065,False,-9.396170387744476,False,False,,False,143.11213508272184,True,False,-26.015090418082707,False,-25.29706679494923,True,False,0.23206769217675294,False,0.23206769217675294
2650,True,109.49974132639623,166.53625354709348,-13.847570392376227,,-28.10252010350583,0.2869517095494339,True,False,109.49974132639623,False,109.49974132639623,True,False,166.53625354709348,False,167.58342641688176,True,False,-13.847570392376227,False,-7.1064480813410285,False,False,,False,150.23294237072494,True,False,-28.10252010350583,False,-29.072958549424904,True,False,0.2869517095494339,False,0.2869517095494339
2651,True,123.73939249783052,168.55123542330665,3.091750072119197,,-33.59728013572733,0.3150053711377234,True,False,123.73939249783052,False,123.73939249783052,True,False,168.55123542330665,False,168.55123542330665,True,False,3.091750072119197,False,-6.020064256998921,False,False,,False,,True,False,-33.59728013572733,False,-32.94095029313128,True,False,0.3150053711377234,False,0.3150053711377234
2652,True,141.580796033188,170.17284561560865,-3.7219209797720083,,-36.45104373136044,0.33602561387273694,True,False,141.580796033188,False,141.580796033188,True,False,170.17284561560865,False,168.55123542330665,True,False,-3.7219209797720083,False,-7.00046571186607,False,False,,False,,True,False,-36.45104373136044,False,-35.68416073146081,True,False,0.33602561387273694,False,0.3150053711377234
2653,True,156.948280691069,171.5092920402062,-6.748561554900249,,-40.54643695403448,0.33635443157009154,True,False,156.948280691069,False,156.948280691069,True,False,171.5092920402062,False,168.55123542330665,True,False,-6.748561554900249,False,-9.541552276642022,False,False,,False,,True,False,-40.54643695403448,False,-38.236714234233126,True,False,0.33635443157009154,False,0.3150053711377234
2654,True,172.4290959848802,168.07966326319018,-13.686963007424723,,-39.66973175917027,0.3069847220989744,True,False,172.4290959848802,False,165.27524307636727,True,False,168.07966326319018,False,168.07966326319018,True,False,-13.686963007424723,False,-15.22109346691613,False,False,,False,,True,False,-39.66973175917027,False,-38.363673426935975,True,False,0.3069847220989744,False,0.3069847220989744
2655,True,165.27524307636727,164.5417011822959,-27.327416563989352,,-40.90462326347148,0.24190711494137984,True,False,165.27524307636727,False,165.27524307636727,True,False,164.5417011822959,False,164.5417011822959,True,False,-27.327416563989352,False,-19.589628283168793,False,False,,False,,True,False,-40.90462326347148,False,-38.446663835125214,True,False,0.24190711494137984,False,0.24190711494137984
2656,True,170.08114772876692,158.22904888390048,-24.72086175844285,,-34.23674572537321,0.1251656315168661,True,False,170.08114772876692,False,165.27524307636727,True,False,158.22904888390048,False,158.22904888390048,True,False,-24.72086175844285,False,-22.895824152972835,False,False,,False,,True,False,-34.23674572537321,False,-38.31616230975807,True,False,0.1251656315168661,False,0.1251656315168661
2657,True,130.41618821421753,155.99865343565958,-25.152999500718764,,-36.865107765715834,0.006753316873775783,True,False,130.41618821421753,False,165.27524307636727,True,False,155.99865343565958,False,158.22904888390048,True,False,-25.152999500718764,False,-24.86490657891477,False,False,,False,,True,False,-36.865107765715834,False,-38.72267273392401,True,False,0.006753316873775783,False,0.1251656315168661
2658,True,101.57274874142567,156.90625471231075,-23.45436275419702,,-39.895033296851395,0.08080396803380435,True,False,101.57274874142567,False,130.41618821421753,True,False,156.90625471231075,False,158.22904888390048,True,False,-23.45436275419702,False,-26.290686942799383,False,False,,False,,True,False,-39.895033296851395,False,-39.23745543953822,True,False,0.08080396803380435,False,0.1251656315168661
2659,True,165.82688172981372,160.91889521022998,-23.67101249974847,,-41.700035476234255,0.13776453977359476,True,False,165.82688172981372,False,117.74137185627535,True,False,160.91889521022998,False,156.90625471231075,True,False,-23.67101249974847,False,-29.946148114832233,False,False,,False,,True,False,-41.700035476234255,False,-42.44213172303354,True,False,0.13776453977359476,False,0.13776453977359476
2660,True,117.74137185627535,160.6432152873714,-34.559154702993524,,-43.48087699457262,0.2681882532597962,True,False,117.74137185627535,False,116.73486113207277,True,False,160.6432152873714,False,156.90625471231075,True,False,-34.559154702993524,False,-33.798661113168556,False,False,,False,,True,False,-43.48087699457262,False,-46.53127427166411,True,False,0.2681882532597962,False,0.2681882532597962
2661,True,108.70435556915952,155.31482430116284,-43.259358680815865,,-50.330543558755345,0.3272373573237263,True,False,108.70435556915952,False,117.74137185627535,True,False,155.31482430116284,False,155.31482430116284,True,False,-43.259358680815865,False,-38.70776707827882,False,False,,False,,True,False,-50.330543558755345,False,-55.196489876504074,True,False,0.3272373573237263,False,0.3272373573237263
2662,True,116.73486113207277,153.34373438831508,-44.00191979508005,,-57.434515464705164,0.3511712716017402,True,False,116.73486113207277,False,117.74137185627535,True,False,153.34373438831508,False,155.31482430116284,True,False,-44.00191979508005,False,-43.417640500028035,False,False,,False,,True,False,-57.434515464705164,False,-67.01196729236317,True,False,0.3511712716017402,False,0.34567818586695775
2663,True,120.61700887862764,153.46311893598622,-47.54039476344151,,89.56360063387109,0.3551425806727121,True,False,120.61700887862764,False,119.02718884567373,True,False,153.46311893598622,False,155.31482430116284,True,False,-47.54039476344151,False,-46.01992479987271,False,False,,False,,True,False,89.56360063387109,False,-83.32502015963917,True,False,0.3551425806727121,False,0.34567818586695775
2664,True,119.02718884567373,156.16764980859068,-47.61614722813656,,82.13039191017646,0.34567818586695775,True,False,119.02718884567373,False,120.61700887862764,True,False,156.16764980859068,False,156.16764980859068,True,False,-47.61614722813656,False,-44.91701159429045,False,False,,False,,True,False,82.13039191017646,False,75.04329745312265,True,False,0.34567818586695775,False,0.34567818586695775
2665,True,124.03933076884557,159.10931777775582,-47.67833041354443,,44.32367112461796,0.332488177489135,True,False,124.03933076884557,False,124.03933076884557,True,False,159.10931777775582,False,156.16764980859068,True,False,-47.67833041354443,False,-31.672666335525953,False,False,,False,,True,False,44.32367112461796,False,46.45328066667,True,False,0.332488177489135,False,0.332488177489135
2666,True,128.9190156691866,158.91855517596267,37.84939750957449,,14.0469782473144,0.3011183903608955,True,False,128.9190156691866,False,128.9190156691866,True,False,158.91855517596267,False,156.16764980859068,True,False,37.84939750957449,False,2.828301375288788,False,False,,False,,True,False,14.0469782473144,False,25.169148285305795,True,False,0.3011183903608955,False,0.3011183903608955
2667,True,135.2295747974153,154.12759580836723,24.199009679351803,,8.92854987288004,0.2784339618957696,True,False,135.2295747974153,False,135.2295747974153,True,False,154.12759580836723,False,154.12759580836723,True,False,24.199009679351803,False,14.392270325546704,False,False,,False,,True,False,8.92854987288004,False,15.442513369550227,True,False,0.2784339618957696,False,0.2784339618957696
2668,True,135.88528053826676,140.06340667567207,12.917470692807285,,6.068804923819812,0.27123502214635137,True,False,135.88528053826676,False,135.88528053826676,True,False,140.06340667567207,False,140.06340667567207,True,False,12.917470692807285,False,16.465820285397086,False,False,,False,,True,False,6.068804923819812,False,8.540704636742817,True,False,0.27123502214635137,False,0.27123502214635137
2669,True,141.23328348696586,131.25527617941225,9.00657019799678,,8.194121064964122,0.24756253280969448,True,False,141.23328348696586,False,141.23328348696586,True,False,131.25527617941225,False,131.25527617941225,True,False,9.00657019799678,False,8.333287742102186,False,False,,False,,True,False,8.194121064964122,False,5.573267572569222,True,False,0.24756253280969448,False,0.24756253280969448
2670,True,145.7692783453226,125.34809987960922,-0.7250604689443207,,5.490084531186852,0.22309647032438162,True,False,145.7692783453226,False,145.7692783453226,True,False,125.34809987960922,False,125.34809987960922,True,False,-0.7250604689443207,False,3.0503860814459216,False,False,,False,,True,False,5.490084531186852,False,3.4322758103245548,True,False,0.22309647032438162,False,0.22309647032438162
2671,True,148.2427267363534,121.80367999152816,-3.3877289199319875,,-0.8577556082721003,0.19760743135677636,True,False,148.2427267363534,False,148.2427267363534,True,False,121.80367999152816,False,123.7857978989992,True,False,-3.3877289199319875,False,-0.16062330355804022,False,False,,False,,True,False,-0.8577556082721003,False,1.8378135525439063,True,False,0.19760743135677636,False,0.19760743135677636
2672,True,148.79012372966565,123.7857978989992,-2.4207412771575605,,-1.7507345348484478,0.17340574140851026,True,False,148.79012372966565,False,148.79012372966565,True,False,123.7857978989992,False,123.69666270022081,True,False,-2.4207412771575605,False,-2.365016605351869,False,False,,False,,True,False,-1.7507345348484478,False,-0.21961766231194702,True,False,0.17340574140851026,False,0.17340574140851026
2673,True,150.01706960108413,123.69666270022081,-3.1350483341401514,,-1.8482529713690496,0.15134907043632925,True,False,150.01706960108413,False,150.01706960108413,True,False,123.69666270022081,False,121.80367999152816,True,False,-3.1350483341401514,False,-2.424531630008744,False,False,,False,169.4788816773714,True,False,-1.8482529713690496,False,-1.6020655584700876,True,False,0.15134907043632925,False,0.15134907043632925
2674,True,153.85705486601847,120.71145450428078,-2.155916595073222,,-2.096705259254122,0.12581713055327576,True,False,153.85705486601847,False,153.85705486601847,True,False,120.71145450428078,False,123.69666270022081,True,False,-2.155916595073222,False,-1.9098017181878078,False,False,,False,169.19944376449286,True,False,-2.096705259254122,False,-1.7706956628387331,True,False,0.12581713055327576,False,0.12581713055327576
2675,True,155.60076061685675,120.33005695003709,-1.0229142764529229,169.4788816773714,-1.4568233349010598,0.10180687354689716,True,False,155.60076061685675,False,155.60076061685675,True,False,120.33005695003709,False,123.69666270022081,True,False,-1.0229142764529229,False,-1.5032254895317863,True,False,169.4788816773714,False,168.92000585161435,True,False,-1.4568233349010598,False,-1.799099616783991,True,False,0.10180687354689716,False,0.10180687354689716
2676,True,157.45108553375184,123.82840539787931,-0.8143831512708175,168.92000585161435,-1.7009629950794647,0.08098082377518975,True,False,157.45108553375184,False,157.45108553375184,True,False,123.82840539787931,False,123.82840539787931,True,False,-0.8143831512708175,False,-0.8289298585155791,True,False,168.92000585161435,False,169.19944376449286,True,False,-1.7009629950794647,False,-1.602183016187368,True,False,0.08098082377518975,False,0.08098082377518975
2677,True,160.0778372105697,131.2328211677439,-0.38843364112329937,168.57444815324578,-1.8927507320246377,0.05217533771174096,True,False,160.0778372105697,False,160.0778372105697,True,False,131.2328211677439,False,131.2328211677439,True,False,-0.38843364112329937,False,-0.5102265367198413,True,False,168.57444815324578,False,169.4788816773714,True,False,-1.8927507320246377,False,-1.3326592190591242,True,False,0.05217533771174096,False,0.05217533771174096
2678,True,160.54760059726064,140.05390630014932,0.23678555439650495,169.8565553013974,-0.8636200619155261,0.02483408320534128,True,False,160.54760059726064,False,160.54760059726064,True,False,140.05390630014932,False,140.05390630014932,True,False,0.23678555439650495,False,-0.2704534266270713,True,False,169.8565553013974,False,169.5405212522938,True,False,-0.8636200619155261,False,-1.161654147718835,True,False,0.02483408320534128,False,0.02483408320534128
2679,True,161.91814788821864,144.65098801654779,-0.5621352601812077,170.7417956317243,-0.7491238803009992,0.0072012978259699545,True,False,161.91814788821864,False,161.91814788821864,True,False,144.65098801654779,False,144.65098801654779,True,False,-0.5621352601812077,False,0.21904029070722686,True,False,170.7417956317243,False,169.8565553013974,True,False,-0.7491238803009992,False,-0.711284988666776,True,False,0.0072012978259699545,False,0.0072012978259699545
2680,True,164.87941670903763,148.01563436491247,0.17590587460546203,169.5405212522938,-0.6018690234546966,0.0010481382309531495,True,False,164.87941670903763,False,164.87941670903763,True,False,148.01563436491247,False,148.01563436491247,True,False,0.17590587460546203,False,0.8121902823313292,True,False,169.5405212522938,False,170.7417956317243,True,False,-0.6018690234546966,False,0.09701490778687116,True,False,0.0010481382309531495,False,0.0072012978259699545
2681,True,168.2090556838159,151.14993687179557,1.6335112187972243,172.4664799520772,0.5510118297622739,0.005089104347338946,True,False,168.2090556838159,False,168.2090556838159,True,False,151.14993687179557,False,151.14993687179557,True,False,1.6335112187972243,False,1.1281003656131077,True,False,172.4664799520772,False,172.4664799520772,True,False,0.5510118297622739,False,0.6933878244832528,True,False,0.005089104347338946,False,0.0072012978259699545
2682,True,171.78877493703078,159.62634403237882,2.577495411764829,175.2247364848407,2.150079271951853,0.020316665042030696,True,False,171.78877493703078,False,171.78877493703078,True,False,159.62634403237882,False,159.62634403237882,True,False,2.577495411764829,False,1.6813107588981495,True,False,175.2247364848407,False,175.2247364848407,True,False,2.150079271951853,False,1.2340269105116448,True,False,0.020316665042030696,False,0.020316665042030696
2683,True,172.93057313740204,167.3260363467357,1.8152791791183063,177.7633820169293,2.1170030874051236,0.04401643303698011,True,False,172.93057313740204,False,172.93057313740204,True,False,167.3260363467357,False,167.3260363467357,True,False,1.8152791791183063,False,2.082677104197259,True,False,177.7633820169293,False,177.7633820169293,True,False,2.1170030874051236,False,1.6859544050409596,True,False,0.04401643303698011,False,0.04401643303698011
2684,True,174.02559923166686,172.26482051128923,2.2038449826903275,178.88861014279854,1.9529596623805503,0.058372068130317284,True,False,174.02559923166686,False,174.02559923166686,True,False,172.26482051128923,False,172.26482051128923,True,False,2.2038449826903275,False,2.2303059893591666,True,False,178.88861014279854,False,177.7633820169293,True,False,1.9529596623805503,False,1.8717359654556276,True,False,0.058372068130317284,False,0.058372068130317284
2685,True,174.1468734506338,172.81971754164502,2.1832576145831126,178.64896060524725,1.6584617430257822,0.07180728967320335,True,False,174.1468734506338,False,174.1271941816631,True,False,172.81971754164502,False,172.81971754164502,True,False,2.1832576145831126,False,2.158176108457525,True,False,178.64896060524725,False,177.7633820169293,True,False,1.6584617430257822,False,1.7992346452309391,True,False,0.07180728967320335,False,0.07180728967320335
2686,True,175.2217058264218,174.57203128052572,2.371647288634648,177.08454696123644,1.4801693848012292,0.07761020790946588,True,False,175.2217058264218,False,174.1271941816631,True,False,174.57203128052572,False,174.57187590464352,True,False,2.371647288634648,False,2.280880816540815,True,False,177.08454696123644,False,177.08454696123644,True,False,1.4801693848012292,False,1.7473087270062564,True,False,0.07761020790946588,False,0.07761020790946588
2687,True,174.1271941816631,175.56116051480637,2.216845328835518,174.3082910076446,1.787579439318847,0.08342809189293501,True,False,174.1271941816631,False,174.1468734506338,True,False,175.56116051480637,False,174.57187590464352,True,False,2.216845328835518,False,2.3534524156286807,True,False,174.3082910076446,False,174.3082910076446,True,False,1.787579439318847,False,1.5878149515260134,True,False,0.08342809189293501,False,0.08342809189293501
2688,True,173.78724306982917,174.57187590464352,2.428809342097395,169.150448366322,1.857371441896305,0.08589139761086498,True,False,173.78724306982917,False,174.1271941816631,True,False,174.57187590464352,False,174.57203128052572,True,False,2.428809342097395,False,2.4353225154545584,True,False,169.150448366322,False,169.150448366322,True,False,1.857371441896305,False,1.4315171316793567,True,False,0.08589139761086498,False,0.08589139761086498
2689,True,174.66061778002017,174.0376132956424,2.56670304265441,166.4474155832049,1.1554817530638104,0.08618954691488392,True,False,174.66061778002017,False,173.80266914874574,True,False,174.0376132956424,False,174.57187590464352,True,False,2.56670304265441,False,2.4798201531988866,True,False,166.4474155832049,False,166.4474155832049,True,False,1.1554817530638104,False,1.3127208173212352,True,False,0.08618954691488392,False,0.08618954691488392
2690,True,173.80266914874574,175.0113931221148,2.5926066554796705,161.6340501139184,0.8769696106070626,0.08715299536240548,True,False,173.80266914874574,False,173.78724306982917,True,False,175.0113931221148,False,174.57187590464352,True,False,2.5926066554796705,False,2.560023876965815,True,False,161.6340501139184,False,161.6340501139184,True,False,0.8769696106070626,False,1.1474310165502288,True,False,0.08715299536240548,False,0.08715299536240548
2691,True,172.01175685255214,174.48632482085512,2.5941334046679003,158.8416453029022,0.8862230498758947,0.08924664578451547,True,False,172.01175685255214,False,172.01175685255214,True,False,174.48632482085512,False,175.0113931221148,True,False,2.5941334046679003,False,2.6137389607773542,True,False,158.8416453029022,False,158.8416453029022,True,False,0.8862230498758947,False,0.9196990831309222,True,False,0.08924664578451547,False,0.08715299536240548
2692,True,170.556496503269,175.26700198680078,2.6178665355908493,157.07094744357588,0.9611729416455148,0.08753827291538119,True,False,170.556496503269,False,170.556496503269,True,False,175.26700198680078,False,175.0113931221148,True,False,2.6178665355908493,False,2.745818414764358,True,False,157.07094744357588,False,157.82050984355214,True,False,0.9611729416455148,False,0.7852886830477956,True,False,0.08753827291538119,False,0.08715299536240548
2693,True,169.42835645697855,175.54506532507898,2.697385259779992,156.4768760200316,0.7186490630789706,0.0863429290760491,True,False,169.42835645697855,False,169.42835645697855,True,False,175.54506532507898,False,175.26700198680078,True,False,2.697385259779992,False,2.9876121083969736,True,False,156.4768760200316,False,157.82050984355214,True,False,0.7186490630789706,False,0.644098870323532,True,False,0.0863429290760491,False,0.0863429290760491
2694,True,168.4405519304511,174.77732764275123,3.2271209725627727,157.82050984355214,0.4834245742745793,0.0819923046342921,True,False,168.4405519304511,False,168.4405519304511,True,False,174.77732764275123,False,175.54506532507898,True,False,3.2271209725627727,False,3.245921791297903,True,False,157.82050984355214,False,157.82050984355214,True,False,0.4834245742745793,False,0.47932253276994174,True,False,0.0819923046342921,False,0.0819923046342921
2695,True,167.23716488985144,176.0947255956156,3.8016390956731243,159.25552202179904,0.17101181852709146,0.07499267594615047,True,False,167.23716488985144,False,167.23716488985144,True,False,176.0947255956156,False,176.0947255956156,True,False,3.8016390956731243,False,3.6653466756913105,True,False,159.25552202179904,False,159.23175191257337,True,False,0.17101181852709146,False,0.1905373701400208,True,False,0.07499267594615047,False,0.07499267594615047
2696,True,161.5715894037554,177.2199883697603,3.88560127051349,159.23175191257337,0.06235909633693382,0.06285028327095404,True,False,161.5715894037554,False,161.5715894037554,True,False,177.2199883697603,False,177.2199883697603,True,False,3.88560127051349,False,4.145721360872884,True,False,159.23175191257337,False,159.25552202179904,True,False,0.06235909633693382,False,0.004495204708860001,True,False,0.06285028327095404,False,0.06285028327095404
2697,True,154.41090407900066,178.25107580785712,4.715023061562846,161.5757188912068,-0.4827851071490272,0.05618055753130735,True,False,154.41090407900066,False,154.41090407900066,True,False,178.25107580785712,False,178.25107580785712,True,False,4.715023061562846,False,4.538637824393817,True,False,161.5757188912068,False,161.5757188912068,True,False,-0.4827851071490272,False,-0.3644549847635119,True,False,0.05618055753130735,False,0.05618055753130735
2698,True,150.70548824860592,179.60408020818164,5.099266682204501,162.70356363010637,-0.21153661633968568,0.050286893542286965,True,False,150.70548824860592,False,150.70548824860592,True,False,179.60408020818164,False,179.43716322691645,True,False,5.099266682204501,False,4.67649476932948,True,False,162.70356363010637,False,162.70356363010637,True,False,-0.21153661633968568,False,-0.6392718102985384,True,False,0.050286893542286965,False,0.050286893542286965
2699,True,143.1159631499585,179.43716322691645,5.191614602016756,163.13125279234717,-1.3614780151843888,0.04209320723838697,True,False,143.1159631499585,False,145.5055010761068,True,False,179.43716322691645,False,179.43716322691645,True,False,5.191614602016756,False,4.6713572476076735,True,False,163.13125279234717,False,163.13125279234717,True,False,-1.3614780151843888,False,-0.9460323990194581,True,False,0.04209320723838697,False,0.04209320723838697
2700,True,144.06997382780466,179.841792617864,4.490909585034558,165.12714975773673,-1.2029444614506133,0.012626602258050124,True,False,144.06997382780466,False,145.5055010761068,True,False,179.841792617864,False,179.60408020818164,True,False,4.490909585034558,False,4.528225678509926,True,False,165.12714975773673,False,165.12714975773673,True,False,-1.2029444614506133,False,-0.9652386716594208,True,False,0.012626602258050124,False,0.019887093164735276
2701,True,145.5055010761068,178.9607983597098,3.8599071384622903,166.54188975153838,-1.4713645863004103,0.0023077262581597258,True,False,145.5055010761068,False,145.5055010761068,True,False,178.9607983597098,False,179.76025841716648,True,False,3.8599071384622903,False,4.288784523775334,True,False,166.54188975153838,False,166.54188975153838,True,False,-1.4713645863004103,False,-0.7546342405380528,True,False,0.0023077262581597258,False,0.019887093164735276
2702,True,145.51353996011375,179.76025841716648,3.9994368307693833,168.56917759026052,-0.5788127055326413,0.019887093164735276,True,False,145.51353996011375,False,145.51353996011375,True,False,179.76025841716648,False,179.76025841716648,True,False,3.9994368307693833,False,3.968257359876233,True,False,168.56917759026052,False,168.56917759026052,True,False,-0.5788127055326413,False,-0.2401558845581775,True,False,0.019887093164735276,False,0.019887093164735276
2703,True,145.52563496204067,179.90291387740356,3.902172902812822,170.33394041598962,0.84211784652868,0.03712218089474725,True,False,145.52563496204067,False,145.52563496204067,True,False,179.90291387740356,False,178.9607983597098,True,False,3.902172902812822,False,3.7317304339242128,True,False,170.33394041598962,False,170.33394041598962,True,False,0.84211784652868,False,0.3616381977813603,True,False,0.03712218089474725,False,0.03712218089474725
2704,True,152.10784024340828,177.37177169548784,3.58887793592379,172.52060651143483,1.2105337186275449,0.05846163484479919,True,False,152.10784024340828,False,152.10784024340828,True,False,177.37177169548784,False,177.37177169548784,True,False,3.58887793592379,False,3.6143851457854055,True,False,172.52060651143483,False,172.52060651143483,True,False,1.2105337186275449,False,1.2111933482686936,True,False,0.05846163484479919,False,0.05846163484479919
2705,True,159.21951101328602,177.27043863074837,3.3082466759948943,174.3043297225222,1.8050547528924028,0.07769876976178083,True,False,159.21951101328602,False,159.21951101328602,True,False,177.27043863074837,False,177.37177169548784,True,False,3.3082466759948943,False,3.4865442319097895,True,False,174.3043297225222,False,174.3043297225222,True,False,1.8050547528924028,False,2.20961468806658,True,False,0.07769876976178083,False,0.07769876976178083
2706,True,163.07502541768616,177.36358478092117,3.2731939214632746,176.0036869439994,2.7767200198141495,0.08983987621340352,True,False,163.07502541768616,False,163.07502541768616,True,False,177.36358478092117,False,177.37177169548784,True,False,3.2731939214632746,False,3.4162348231697877,True,False,176.0036869439994,False,176.0036869439994,True,False,2.7767200198141495,False,3.223051811266231,True,False,0.08983987621340352,False,0.08983987621340352
2707,True,165.890304373038,177.7036131625933,3.360240989189947,177.35207804718658,4.415126944311169,0.1057994388022409,True,False,165.890304373038,False,165.890304373038,True,False,177.7036131625933,False,177.36358478092117,True,False,3.360240989189947,False,3.3892707270414775,True,False,177.35207804718658,False,177.35207804718658,True,False,4.415126944311169,False,4.1033494850742755,True,False,0.1057994388022409,False,0.1057994388022409
2708,True,169.92869979182674,177.63633414436308,3.550615245323712,177.98482156129825,5.909852811415277,0.12396594667297275,True,False,169.92869979182674,False,167.90950208243237,True,False,177.63633414436308,False,177.49995946264212,True,False,3.550615245323712,False,3.409526846854405,True,False,177.98482156129825,False,177.6684498042424,True,False,5.909852811415277,False,4.677876349846571,True,False,0.12396594667297275,False,0.11488269273760682
2709,True,172.38310876875292,176.71349579815538,3.454057280809735,179.11450946454508,5.6089503853295355,0.13217113529914393,True,False,172.38310876875292,False,169.92869979182674,True,False,176.71349579815538,False,177.63633414436308,True,False,3.454057280809735,False,3.454971170092932,True,False,179.11450946454508,False,177.98482156129825,True,False,5.6089503853295355,False,5.311342475744979,True,False,0.13217113529914393,False,0.12396594667297275
