phase,phase_index,source_frame_float,throwing_knee_angle_smoothed,lead_knee_angle_smoothed,shoulder_line_angle_smoothed,throwing_elbow_angle_smoothed,hip_line_angle_smoothed,lateral_foot_separation_smoothed
windup,0,875.0,175.92102045171538,173.47749391434118,3.184057797630004,163.8079211120431,6.131807575814008,0.1413149853941401
windup,1,875.8333333333334,160.66283925519056,171.86467949709933,0.26115658207619674,151.65222890585576,5.6391048728508935,0.1413149853941401
windup,2,876.6666666666666,157.26895777250039,132.17464925681313,-2.483186628775087,106.22511900444505,5.118172145268574,0.061483960764041126
windup,3,877.5,156.76181948132378,112.41750308013886,-5.356104048478471,82.03033148805793,4.321440043843779,0.02156844844899164
windup,4,878.3333333333334,156.42580381183978,111.68415529687942,-7.7138120931339955,78.67578863962204,3.8911991115431164,0.02156844844899164
windup,5,879.1666666666666,156.62337034584743,110.10810976238972,-9.002381272702735,77.35974180596291,4.199540055328214,0.02443253456476841
windup,6,880.0,157.6112030158856,108.82723493998196,-9.798506082322263,77.35691825902101,4.188294017960942,0.03875296514365223
windup,7,880.8333333333334,157.2122723879146,108.34354953700579,-9.511822336378188,76.60656774261477,5.759172325606642,0.0707953139450102
windup,8,881.6666666666666,157.13248626232038,108.24681245641055,-8.6227881614831,75.88073475703538,7.58400236247121,0.09534260340745546
windup,9,882.5,157.73247437359424,105.48761978181744,-7.093916771412609,74.87373901556134,10.4938849313846,0.12020094950205881
windup,10,883.3333333333334,158.42075293118953,102.67022644510105,-5.0401617860187145,74.15462471523638,14.237831104722773,0.13727014224072243
windup,11,884.1666666666666,158.58094695634998,101.584776836011,-2.9717838268953187,74.15462471523638,18.225980335542374,0.14274367256700374
windup,12,885.0,158.4990126189377,96.73953541179341,-2.0372171130437238,74.15462471523638,22.27281856871535,0.1573087592469396
windup,13,885.8333333333334,158.4990126189377,92.60491428991448,-1.6763528494987554,70.97474785368918,26.00832972356841,0.15838332454532353
windup,14,886.6666666666666,158.4990126189377,89.45386405226343,-1.9883535749386994,69.10464918236612,29.52764553783709,0.1585982376050003
windup,15,887.5,158.4990126189377,87.03320875898604,-2.6105057387693194,68.21423501917891,32.14332876109137,0.1585982376050003
windup,16,888.3333333333334,158.4990126189377,84.18668967486397,-3.3002153666496525,67.85209338282272,33.875180097051924,0.15611221668740505
windup,17,889.1666666666666,158.4990274141189,80.16160988731292,-3.8089370482926057,67.50576846020162,35.021843751260064,0.15001205181152447
windup,18,890.0,158.49910139002492,75.91547892438093,-3.756102925265793,66.66203507385434,35.732412978747846,0.1443714366080741
windup,19,890.8333333333334,158.50090418797512,73.42637645615864,-3.594363590333913,66.66203507385434,35.904104046487475,0.14112026221184829
windup,20,891.6666666666666,158.50126474756516,66.88893412684337,-3.2569656678498546,66.32382816112893,35.7217388718997,0.12786395120328048
windup,21,892.5,158.50126474756516,62.2592574986909,-3.951799135869578,66.15472470476622,34.68530851587761,0.1144663968015325
windup,22,893.3333333333334,158.26613205987456,60.64939178837381,-4.867303786188074,66.15472470476622,32.72156499347385,0.10263818052154992
windup,23,894.1666666666666,157.43981830587626,60.64939178837381,-5.241343904406037,65.98159656351557,29.927819970801053,0.09146021860911106
windup,24,895.0,155.65957641279059,60.64939178837381,-6.430082949996631,65.11595585726228,26.315743461932158,0.08290740847587585
stride,0,895.0,155.65957641279059,60.64939178837381,-6.430082949996631,65.11595585726228,26.315743461932158,0.08290740847587585
stride,1,895.4583333333334,154.5771182674006,63.25126916654519,-7.05888679235936,65.11595585726228,24.023862607246784,0.08290740847587585
stride,2,895.9166666666666,153.49466012201063,65.85314654471658,-7.687690634722088,65.11595585726228,21.73198175256141,0.08290740847587585
stride,3,896.375,151.52252037950763,70.50246835490734,-7.791961074202675,65.78867808159764,19.614220117817766,0.08290740847587585
stride,4,896.8333333333334,149.35267361542395,75.60677781665794,-7.779668535264989,66.61089413356308,17.53515164306117,0.08290740847587585
stride,5,897.2916666666666,146.5764772836853,82.60678316985539,-7.490515293874424,69.79353766139158,15.66350440628203,0.08378374464704362
stride,6,897.75,143.45379548471522,90.69004331816531,-7.043155936796495,74.32499688971325,13.910383591204265,0.08516084434459298
stride,7,898.2083333333334,140.3926215070412,98.95343042435006,-6.719727349058886,77.11880100333568,12.523951030278752,0.088954419991647
stride,8,898.6666666666666,137.4052569149225,107.43296987998457,-6.545015684529645,77.82741897931899,11.577544374335929,0.0956477667781066
stride,9,899.125,134.4291116956794,116.25183936631564,-5.821613020508295,80.11932903426535,11.073439594702378,0.103288586897823
stride,10,899.5833333333334,131.48288480410463,125.97558893450417,-3.6350343578412776,86.63335129977982,11.748806485226908,0.11345600257289079
stride,11,900.0416666666666,128.6741954983821,135.5505523877982,-1.4111815287418352,93.11917947165787,12.485447099177577,0.12346402929992015
stride,12,900.5,127.24088205118171,143.63765469214712,1.1854129646820866,99.32306670717152,13.83482494738982,0.1318781665465649
stride,13,900.9583333333334,125.80756860398135,151.724756996496,3.782007458105994,105.52695394268517,15.184202795602062,0.14029230379320964
stride,14,901.4166666666666,121.65734380563451,153.82790530417665,5.792884160988137,110.47194718911527,16.556322464011174,0.14148703978746086
stride,15,901.875,117.23542787217303,155.33265821219044,7.745189084816104,115.29105103663699,17.930716314439977,0.1419598356564727
stride,16,902.3333333333334,114.18421160751755,158.83567653078325,9.518533990637138,129.01903593335888,19.610501750061445,0.14208877998438502
stride,17,902.7916666666666,111.64700771866431,163.0880443783432,11.224768889705572,146.0878512235309,21.404809030130153,0.14208877998438502
stride,18,903.25,109.64631685452781,166.68286709027993,12.304038059258119,157.1073687284719,22.558476884494098,0.14208877998438502
stride,19,903.7083333333334,108.09272017765522,169.7297355225307,12.860835787547444,163.08580474572045,23.178278550770727,0.14208877998438502
stride,20,904.1666666666666,107.10406774691813,171.66865179759935,13.061101646790718,166.8902640294241,23.274438509816108,0.14109832228524602
stride,21,904.625,107.10406774691813,171.66865179759935,12.637436735203437,166.8902640294241,22.454225481206777,0.13837456361261374
stride,22,905.0833333333334,107.10406774691813,171.66865179759935,12.10239788169801,166.93694870698707,21.74189032251529,0.13476245618153565
stride,23,905.5416666666666,107.10406774691813,171.66865179759935,11.066176289561028,167.1937144335834,21.515005578454108,0.12715277933745145
stride,24,906.0,107.10406774691813,171.66865179759935,10.029954697424046,167.45048016017975,21.28812083439294,0.11954310249336719
arm_acceleration,0,906.0,107.10406774691813,171.66865179759935,10.029954697424046,167.45048016017975,21.28812083439294,0.11954310249336719
arm_acceleration,1,906.375,108.24999759916598,165.42328598631505,9.163575982684321,167.45048016017975,19.625629306172726,0.10564490636710405
arm_acceleration,2,906.75,109.39592745141383,159.17792017503075,8.297197267944597,167.45048016017975,17.96313777795251,0.0917467102408409
arm_acceleration,3,907.125,110.49743972423913,155.01434296750787,7.65387844876301,166.93147719973766,16.39431122520044,0.07808681703027515
arm_acceleration,4,907.5,111.51011683821939,155.01434296750787,7.4566794206976965,165.37446831841137,15.012814623384685,0.06490352965110421
arm_acceleration,5,907.875,112.52279395219965,155.01434296750787,7.259480392632369,163.8174594370851,13.63131802156893,0.051720242271933274
arm_acceleration,6,908.25,113.61525288634041,155.01434296750787,7.389607865546012,154.26328051123818,12.992088602346712,0.03923579748646058
arm_acceleration,7,908.625,114.74760273056144,155.01434296750787,7.683398588949117,140.71051656313097,12.723992774421262,0.027100773997837016
arm_acceleration,8,909.0,115.87995257478246,155.01434296750787,7.977189312352223,127.15775261502372,12.455896946495812,0.014965750509213449
arm_acceleration,9,909.375,117.79801123011495,155.79801452298358,7.010985108276472,124.9174885470616,11.107278364963676,0.014965750509213449
arm_acceleration,10,909.75,119.71606988544744,156.58168607845926,6.044780904200735,122.67722447909946,9.758659783431526,0.014965750509213449
arm_acceleration,11,910.125,122.8788102624283,157.86198589771578,5.6002366861882535,119.1582615572529,8.324099220174688,0.014965750509213449
arm_acceleration,12,910.5,128.53091408270592,160.13554224453392,6.199012440302312,113.08190092763749,6.717654693468447,0.014965750509213449
arm_acceleration,13,910.875,134.18301790298358,162.40909859135206,6.79778819441637,107.00554029802208,5.111210166762206,0.014965750509213449
arm_acceleration,14,911.25,140.48444964592127,164.4048869539798,7.805002855343957,103.0761438066517,4.790345880158554,0.016867753888662407
arm_acceleration,15,911.625,147.110545350189,166.26179132451233,9.016436969678281,100.22022938440384,5.112271713606219,0.019720758957835843
arm_acceleration,16,912.0,153.73664105445675,168.11869569504486,10.22787108401262,97.36431496215599,5.43419754705387,0.02257376402700928
arm_acceleration,17,912.375,153.73664105445675,170.0278250430496,11.70103992071742,97.36431496215599,5.756987836204715,0.023209648697555242
arm_acceleration,18,912.75,153.73664105445675,171.93695439105431,13.174208757422207,97.36431496215599,6.079778125355574,0.023845533368101204
arm_acceleration,19,913.125,153.93023029760116,173.36508370969577,14.776041918583275,97.36431496215599,6.288701403302781,0.024866526307955
arm_acceleration,20,913.5,154.5109980270343,173.8312129696106,16.635203728656876,97.36431496215599,6.2698906588427405,0.02665773578642447
arm_acceleration,21,913.875,155.09176575646745,174.29734222952538,18.494365538730477,97.36431496215599,6.251079914382686,0.028448945264893936
arm_acceleration,22,914.25,156.1424251674821,174.52373264367966,20.690679590809808,93.81760840796713,7.090666367965781,0.02995312718342112
arm_acceleration,23,914.625,157.42803041928744,174.63025363495368,23.05556976389201,88.49754857668383,8.35945142057048,0.031313795321977166
arm_acceleration,24,915.0,158.7136356710928,174.73677462622769,25.420459936974225,83.17748874540054,9.628236473175164,0.03267446346053321
follow_through,0,915.0,158.7136356710928,174.73677462622769,25.420459936974225,83.17748874540054,9.628236473175164,0.03267446346053321
follow_through,1,916.4583333333334,160.38493974397537,175.26280832910106,27.10119614595071,153.58482799795752,13.186842216551767,0.04868096609558555
follow_through,2,917.9166666666666,163.7398324289094,175.8027419642335,23.529568961229216,151.94995160494713,13.247895214603332,0.057105070632566694
follow_through,3,919.375,163.30083215573748,174.93004708540929,17.570717983328777,142.42909186583174,10.634773632546256,0.06575441897633054
follow_through,4,920.8333333333334,154.48637664413909,173.4302919892901,12.858001913089623,138.60962418380882,8.905881567700746,0.09077864654566228
follow_through,5,922.2916666666666,126.26087199931136,172.70552956448893,11.224662119952484,132.91560761336407,7.245324748719128,0.11515416809277675
follow_through,6,923.75,71.18364705472868,173.28304910664892,11.428101656422925,132.96514501559446,9.21939739241975,0.14132930929363616
follow_through,7,925.2083333333334,73.9079470597934,175.64196214103598,11.330648177097444,,11.62530399596632,0.1669884744022003
follow_through,8,926.6666666666666,87.13605137655233,176.88553212903213,12.230932371162112,,13.621761528877514,0.18978299213198696
follow_through,9,928.125,95.68750190924663,177.13965664635728,14.395899614585787,,15.422995270724783,0.21217744724650894
follow_through,10,929.5833333333334,112.83575328762888,177.11755202369227,17.93232118134084,,17.08187188048997,0.23254685765932595
follow_through,11,931.0416666666666,124.65343569590128,177.14085867397893,20.47468888419823,,18.11958716580824,0.2502364584361753
follow_through,12,932.5,133.33764156270226,177.21329816810606,22.11488708293662,,18.615210713366537,0.2589923795154344
follow_through,13,933.9583333333334,155.19684698821274,177.44396268908122,21.972427502960784,,19.041732069860075,0.2589923795154344
follow_through,14,935.4166666666666,167.7910599949844,177.45204406569624,21.303450933196103,,19.208660929434444,0.24639428481881748
follow_through,15,936.875,171.53716518076976,176.55060427220783,20.466040050533337,,19.53213757369528,0.20293572721818182
follow_through,16,938.3333333333334,173.0285998506222,174.6525307509044,19.029347567039125,,18.37319663195656,0.14275221623712495
follow_through,17,939.7916666666666,173.0285998506222,172.1533558541143,17.839128594771125,,16.294267608230626,0.12815002383658974
follow_through,18,941.25,172.405914699653,171.01902839309727,17.187192953707736,,13.97819189208019,0.1283442208348185
follow_through,19,942.7083333333334,171.17443277420483,168.4207285336315,16.423468913184692,,12.158236116938653,0.12892681182950483
follow_through,20,944.1666666666666,170.77921934378787,167.71302658596156,15.809730713848793,,11.225327267012275,0.12880432397492997
follow_through,21,945.625,170.7794002558588,168.76308442086645,14.969979594477394,,10.651917709013247,0.12665975364004248
follow_through,22,947.0833333333334,170.77950880310135,171.62276689748032,13.973756251743836,,10.429720605280679,0.12257678942566662
follow_through,23,948.5416666666666,170.77793178245886,173.26996637088166,12.954387143149091,,10.766293501846334,0.11834888975993435
follow_through,24,950.0,169.64978153991217,175.9462605373482,11.902287419443354,,10.95757203189649,0.11069635814715378
